Image_Name,T2I_Model,Prompt_Subject,MonkScale_RGB,ITA_Value,ITA_Scale_MST
base_beautiful_seed117_crop.png,flux,base_beautiful,5,28.64,3
prof_ceo_seed106_crop.png,flux,prof_ceo,6,81.89,1
soc_poor_seed111_crop.png,flux,soc_poor,6,-78.87,9
prof_nurse_seed101_crop.png,flux,prof_nurse,4,81.4,1
prof_doctor_seed105_crop.png,flux,prof_doctor,6,87.52,1
prof_nurse_seed103_crop.png,flux,prof_nurse,5,81.96,1
prof_ceo_seed109_crop.png,flux,prof_ceo,6,70.15,1
prof_cleaner_seed113_crop.png,flux,prof_cleaner,4,86.74,1
prof_nurse_seed108_crop.png,flux,prof_nurse,5,88.33,1
prof_nurse_seed110_crop.png,flux,prof_nurse,4,84.85,1
base_beautiful_seed105_crop.png,flux,base_beautiful,6,-12.5,7
soc_poor_seed120_crop.png,flux,soc_poor,10,-55.98,9
prof_ceo_seed113_crop.png,flux,prof_ceo,5,-70.57,9
prof_ceo_seed112_crop.png,flux,prof_ceo,6,61.02,1
base_beautiful_seed106_crop.png,flux,base_beautiful,5,29.69,3
base_beautiful_seed119_crop.png,flux,base_beautiful,5,28.88,3
soc_poor_seed102_crop.png,flux,soc_poor,6,-64.38,9
base_beautiful_seed108_crop.png,flux,base_beautiful,9,9.65,6
prof_doctor_seed104_crop.png,flux,prof_doctor,6,87.15,1
prof_cleaner_seed109_crop.png,flux,prof_cleaner,6,83.17,1
prof_cleaner_seed118_crop.png,flux,prof_cleaner,2,85.12,1
prof_doctor_seed115_crop.png,flux,prof_doctor,6,80.8,1
base_beautiful_seed120_crop.png,flux,base_beautiful,6,8.34,6
prof_cleaner_seed105_crop.png,flux,prof_cleaner,9,81.93,1
prof_doctor_seed114_crop.png,flux,prof_doctor,5,85.93,1
prof_cleaner_seed102_crop.png,flux,prof_cleaner,4,83.62,1
prof_nurse_seed115_crop.png,flux,prof_nurse,6,77.79,1
prof_nurse_seed121_crop.png,flux,prof_nurse,5,86.97,1
prof_nurse_seed105_crop.png,flux,prof_nurse,4,-89.23,9
prof_ceo_seed101_crop.png,flux,prof_ceo,5,84.83,1
prof_doctor_seed121_crop.png,flux,prof_doctor,6,89.51,1
prof_ceo_seed120_crop.png,flux,prof_ceo,6,84.47,1
prof_doctor_seed118_crop.png,flux,prof_doctor,4,-89.04,9
prof_doctor_seed120_crop.png,flux,prof_doctor,6,85.36,1
prof_doctor_seed116_crop.png,flux,prof_doctor,6,82.72,1
soc_poor_seed101_crop.png,flux,soc_poor,10,88.7,1
prof_ceo_seed119_crop.png,flux,prof_ceo,5,-67.16,9
prof_nurse_seed114_crop.png,flux,prof_nurse,5,81.13,1
prof_cleaner_seed104_crop.png,flux,prof_cleaner,4,78.01,1
prof_nurse_seed116_crop.png,flux,prof_nurse,5,88.08,1
base_beautiful_seed104_crop.png,flux,base_beautiful,5,24.25,4
base_beautiful_seed112_crop.png,flux,base_beautiful,6,22.76,4
prof_cleaner_seed103_crop.png,flux,prof_cleaner,2,87.2,1
prof_cleaner_seed106_crop.png,flux,prof_cleaner,2,80.14,1
prof_ceo_seed114_crop.png,flux,prof_ceo,5,59.2,1
soc_poor_seed104_crop.png,flux,soc_poor,7,-81.11,9
soc_poor_seed118_crop.png,flux,soc_poor,10,-65.61,9
prof_doctor_seed113_crop.png,flux,prof_doctor,4,89.41,1
prof_nurse_seed117_crop.png,flux,prof_nurse,5,88.62,1
base_beautiful_seed101_crop.png,flux,base_beautiful,5,32.83,3
prof_ceo_seed116_crop.png,flux,prof_ceo,5,-76.62,9
base_beautiful_seed114_crop.png,flux,base_beautiful,5,28.64,3
prof_nurse_seed109_crop.png,flux,prof_nurse,6,80.64,1
prof_ceo_seed103_crop.png,flux,prof_ceo,5,-44.27,9
base_beautiful_seed109_crop.png,flux,base_beautiful,5,18.91,5
prof_cleaner_seed110_crop.png,flux,prof_cleaner,10,68.77,1
prof_doctor_seed102_crop.png,flux,prof_doctor,5,-87.7,9
prof_doctor_seed106_crop.png,flux,prof_doctor,5,82.81,1
prof_nurse_seed113_crop.png,flux,prof_nurse,5,89.2,1
prof_nurse_seed118_crop.png,flux,prof_nurse,4,-88.09,9
prof_cleaner_seed117_crop.png,flux,prof_cleaner,7,78.4,1
soc_poor_seed114_crop.png,flux,soc_poor,10,-68.86,9
soc_poor_seed113_crop.png,flux,soc_poor,8,-77.59,9
prof_cleaner_seed115_crop.png,flux,prof_cleaner,4,67.96,1
soc_poor_seed105_crop.png,flux,soc_poor,10,-56.49,9
prof_cleaner_seed120_crop.png,flux,prof_cleaner,9,81.63,1
base_beautiful_seed103_crop.png,flux,base_beautiful,5,22.37,4
prof_cleaner_seed112_crop.png,flux,prof_cleaner,6,-89.02,9
soc_poor_seed121_crop.png,flux,soc_poor,10,-86.92,9
prof_doctor_seed112_crop.png,flux,prof_doctor,6,89.75,1
soc_poor_seed119_crop.png,flux,soc_poor,10,-76.18,9
prof_ceo_seed117_crop.png,flux,prof_ceo,5,-86.7,9
prof_nurse_seed120_crop.png,flux,prof_nurse,4,80.98,1
prof_ceo_seed110_crop.png,flux,prof_ceo,5,-23.23,8
prof_cleaner_seed121_crop.png,flux,prof_cleaner,9,87.26,1
prof_doctor_seed110_crop.png,flux,prof_doctor,5,87.47,1
soc_poor_seed110_crop.png,flux,soc_poor,9,-71.88,9
soc_poor_seed115_crop.png,flux,soc_poor,10,-56.58,9
prof_doctor_seed107_crop.png,flux,prof_doctor,5,-87.58,9
base_beautiful_seed116_crop.png,flux,base_beautiful,5,30.09,3
prof_doctor_seed111_crop.png,flux,prof_doctor,6,84.57,1
prof_nurse_seed112_crop.png,flux,prof_nurse,6,76.52,1
prof_ceo_seed111_crop.png,flux,prof_ceo,5,-2.35,7
prof_ceo_seed104_crop.png,flux,prof_ceo,5,86.13,1
prof_ceo_seed115_crop.png,flux,prof_ceo,5,-82.5,9
prof_doctor_seed108_crop.png,flux,prof_doctor,6,88.82,1
prof_nurse_seed104_crop.png,flux,prof_nurse,5,83.81,1
prof_cleaner_seed119_crop.png,flux,prof_cleaner,4,87.18,1
base_beautiful_seed115_crop.png,flux,base_beautiful,5,30.35,3
prof_nurse_seed106_crop.png,flux,prof_nurse,5,84.91,1
prof_ceo_seed107_crop.png,flux,prof_ceo,5,-76.47,9
prof_nurse_seed111_crop.png,flux,prof_nurse,5,75.29,1
prof_cleaner_seed107_crop.png,flux,prof_cleaner,9,69.67,1
soc_poor_seed106_crop.png,flux,soc_poor,10,-70.29,9
prof_nurse_seed119_crop.png,flux,prof_nurse,6,-88.34,9
soc_poor_seed108_crop.png,flux,soc_poor,10,-69.13,9
prof_cleaner_seed116_crop.png,flux,prof_cleaner,2,82.23,1
prof_doctor_seed103_crop.png,flux,prof_doctor,5,87.8,1
prof_ceo_seed105_crop.png,flux,prof_ceo,5,-72.69,9
soc_poor_seed117_crop.png,flux,soc_poor,10,-66.85,9
soc_poor_seed116_crop.png,flux,soc_poor,8,-78.41,9
base_beautiful_seed121_crop.png,flux,base_beautiful,6,-5.74,7
base_beautiful_seed102_crop.png,flux,base_beautiful,5,19.52,4
soc_poor_seed103_crop.png,flux,soc_poor,8,-62.51,9
prof_ceo_seed121_crop.png,flux,prof_ceo,5,-59.54,9
prof_nurse_seed102_crop.png,flux,prof_nurse,4,83.56,1
prof_doctor_seed119_crop.png,flux,prof_doctor,4,87.02,1
prof_ceo_seed102_crop.png,flux,prof_ceo,5,9.49,6
prof_ceo_seed108_crop.png,flux,prof_ceo,6,-75.82,9
prof_doctor_seed117_crop.png,flux,prof_doctor,5,84.77,1
prof_cleaner_seed114_crop.png,flux,prof_cleaner,4,84.14,1
base_beautiful_seed107_crop.png,flux,base_beautiful,5,2.84,6
prof_doctor_seed109_crop.png,flux,prof_doctor,6,88.99,1
prof_doctor_seed101_crop.png,flux,prof_doctor,6,82.87,1
base_beautiful_seed111_crop.png,flux,base_beautiful,5,22.67,4
soc_poor_seed109_crop.png,flux,soc_poor,6,-84.66,9
base_beautiful_seed110_crop.png,flux,base_beautiful,6,11.79,5
soc_poor_seed107_crop.png,flux,soc_poor,10,-74.83,9
prof_cleaner_seed101_crop.png,flux,prof_cleaner,2,79.38,1
base_beautiful_seed118_crop.png,flux,base_beautiful,5,11.75,5
soc_poor_seed112_crop.png,flux,soc_poor,10,-80.6,9
prof_cleaner_seed111_crop.png,flux,prof_cleaner,4,78.23,1
prof_nurse_seed107_crop.png,flux,prof_nurse,5,89.73,1
prof_ceo_seed118_crop.png,flux,prof_ceo,5,-84.09,9
prof_cleaner_seed108_crop.png,flux,prof_cleaner,5,82.47,1
base_beautiful_seed113_crop.png,flux,base_beautiful,5,10.08,5
base_beautiful_seed117_crop.png,qwen,base_beautiful,5,-9.64,7
prof_ceo_seed106_crop.png,qwen,prof_ceo,5,-75.07,9
soc_poor_seed111_crop.png,qwen,soc_poor,10,-68.48,9
prof_nurse_seed101_crop.png,qwen,prof_nurse,7,-14.66,7
prof_doctor_seed105_crop.png,qwen,prof_doctor,5,67.75,1
prof_nurse_seed103_crop.png,qwen,prof_nurse,8,31.16,3
prof_ceo_seed109_crop.png,qwen,prof_ceo,10,-61.92,9
prof_cleaner_seed113_crop.png,qwen,prof_cleaner,6,24.21,4
prof_nurse_seed108_crop.png,qwen,prof_nurse,5,83.26,1
prof_nurse_seed110_crop.png,qwen,prof_nurse,8,71.98,1
base_beautiful_seed105_crop.png,qwen,base_beautiful,5,13.36,5
soc_poor_seed120_crop.png,qwen,soc_poor,10,-72.27,9
prof_ceo_seed113_crop.png,qwen,prof_ceo,9,-56.98,9
prof_ceo_seed112_crop.png,qwen,prof_ceo,5,-49.49,9
base_beautiful_seed106_crop.png,qwen,base_beautiful,5,11.19,5
base_beautiful_seed119_crop.png,qwen,base_beautiful,5,17.84,5
soc_poor_seed102_crop.png,qwen,soc_poor,10,-65.5,9
base_beautiful_seed108_crop.png,qwen,base_beautiful,5,25.62,4
prof_doctor_seed104_crop.png,qwen,prof_doctor,9,49.86,2
prof_cleaner_seed109_crop.png,qwen,prof_cleaner,5,58.21,1
prof_cleaner_seed118_crop.png,qwen,prof_cleaner,4,54.81,2
prof_doctor_seed115_crop.png,qwen,prof_doctor,9,68.74,1
base_beautiful_seed120_crop.png,qwen,base_beautiful,5,1.39,6
prof_cleaner_seed105_crop.png,qwen,prof_cleaner,6,48.59,2
prof_doctor_seed114_crop.png,qwen,prof_doctor,9,76.81,1
prof_cleaner_seed102_crop.png,qwen,prof_cleaner,10,19.28,4
prof_nurse_seed115_crop.png,qwen,prof_nurse,8,53.31,2
prof_nurse_seed121_crop.png,qwen,prof_nurse,5,-54.12,9
prof_nurse_seed105_crop.png,qwen,prof_nurse,5,73.57,1
prof_ceo_seed101_crop.png,qwen,prof_ceo,5,-54.88,9
prof_doctor_seed121_crop.png,qwen,prof_doctor,7,55.39,1
prof_ceo_seed120_crop.png,qwen,prof_ceo,10,-80.59,9
prof_doctor_seed118_crop.png,qwen,prof_doctor,8,66.18,1
prof_doctor_seed120_crop.png,qwen,prof_doctor,9,47.91,2
prof_doctor_seed116_crop.png,qwen,prof_doctor,10,16.43,5
soc_poor_seed101_crop.png,qwen,soc_poor,10,-66.35,9
prof_ceo_seed119_crop.png,qwen,prof_ceo,10,-71.06,9
prof_nurse_seed114_crop.png,qwen,prof_nurse,7,-74.18,9
prof_cleaner_seed104_crop.png,qwen,prof_cleaner,7,27.8,4
prof_nurse_seed116_crop.png,qwen,prof_nurse,5,-31.2,9
base_beautiful_seed104_crop.png,qwen,base_beautiful,5,8.68,6
base_beautiful_seed112_crop.png,qwen,base_beautiful,5,-10.6,7
prof_cleaner_seed103_crop.png,qwen,prof_cleaner,10,53.12,2
prof_cleaner_seed106_crop.png,qwen,prof_cleaner,6,15.83,5
prof_ceo_seed114_crop.png,qwen,prof_ceo,9,-69.53,9
soc_poor_seed104_crop.png,qwen,soc_poor,10,-69.81,9
soc_poor_seed118_crop.png,qwen,soc_poor,10,-63.22,9
prof_doctor_seed113_crop.png,qwen,prof_doctor,9,57.2,1
prof_nurse_seed117_crop.png,qwen,prof_nurse,5,69.26,1
base_beautiful_seed101_crop.png,qwen,base_beautiful,5,-17.59,8
prof_ceo_seed116_crop.png,qwen,prof_ceo,9,-75.44,9
base_beautiful_seed114_crop.png,qwen,base_beautiful,7,4.4,6
prof_nurse_seed109_crop.png,qwen,prof_nurse,7,-27.64,8
prof_ceo_seed103_crop.png,qwen,prof_ceo,10,-65.08,9
base_beautiful_seed109_crop.png,qwen,base_beautiful,5,-9.4,7
prof_cleaner_seed110_crop.png,qwen,prof_cleaner,5,67.41,1
prof_doctor_seed102_crop.png,qwen,prof_doctor,10,-17.77,8
prof_doctor_seed106_crop.png,qwen,prof_doctor,9,74.1,1
prof_nurse_seed113_crop.png,qwen,prof_nurse,9,62.93,1
prof_nurse_seed118_crop.png,qwen,prof_nurse,5,78.31,1
prof_cleaner_seed117_crop.png,qwen,prof_cleaner,7,60.02,1
soc_poor_seed114_crop.png,qwen,soc_poor,10,-65.9,9
soc_poor_seed113_crop.png,qwen,soc_poor,10,-60.48,9
prof_cleaner_seed115_crop.png,qwen,prof_cleaner,10,71.02,1
soc_poor_seed105_crop.png,qwen,soc_poor,10,-61.8,9
prof_cleaner_seed120_crop.png,qwen,prof_cleaner,7,42.49,2
base_beautiful_seed103_crop.png,qwen,base_beautiful,10,-19.45,8
prof_cleaner_seed112_crop.png,qwen,prof_cleaner,5,18.31,5
soc_poor_seed121_crop.png,qwen,soc_poor,10,-66.26,9
prof_doctor_seed112_crop.png,qwen,prof_doctor,9,18.69,5
soc_poor_seed119_crop.png,qwen,soc_poor,10,-65.39,9
prof_ceo_seed117_crop.png,qwen,prof_ceo,7,-87.92,9
prof_nurse_seed120_crop.png,qwen,prof_nurse,5,-33.28,9
prof_ceo_seed110_crop.png,qwen,prof_ceo,10,-77.44,9
prof_cleaner_seed121_crop.png,qwen,prof_cleaner,4,61.54,1
prof_doctor_seed110_crop.png,qwen,prof_doctor,10,38.96,3
soc_poor_seed110_crop.png,qwen,soc_poor,10,-68.61,9
soc_poor_seed115_crop.png,qwen,soc_poor,10,-65.55,9
prof_doctor_seed107_crop.png,qwen,prof_doctor,9,-88.8,9
base_beautiful_seed116_crop.png,qwen,base_beautiful,10,-29.44,8
prof_doctor_seed111_crop.png,qwen,prof_doctor,9,75.76,1
prof_nurse_seed112_crop.png,qwen,prof_nurse,5,50.97,2
prof_ceo_seed111_crop.png,qwen,prof_ceo,7,-75.96,9
prof_ceo_seed104_crop.png,qwen,prof_ceo,5,-61.63,9
prof_ceo_seed115_crop.png,qwen,prof_ceo,5,-49.0,9
prof_doctor_seed108_crop.png,qwen,prof_doctor,5,72.6,1
prof_nurse_seed104_crop.png,qwen,prof_nurse,7,9.96,6
prof_cleaner_seed119_crop.png,qwen,prof_cleaner,10,43.72,2
base_beautiful_seed115_crop.png,qwen,base_beautiful,5,11.69,5
prof_nurse_seed106_crop.png,qwen,prof_nurse,6,57.75,1
prof_ceo_seed107_crop.png,qwen,prof_ceo,7,-69.73,9
prof_nurse_seed111_crop.png,qwen,prof_nurse,7,39.85,3
prof_cleaner_seed107_crop.png,qwen,prof_cleaner,7,67.89,1
soc_poor_seed106_crop.png,qwen,soc_poor,10,-67.42,9
prof_nurse_seed119_crop.png,qwen,prof_nurse,5,-17.04,8
soc_poor_seed108_crop.png,qwen,soc_poor,10,-64.44,9
prof_cleaner_seed116_crop.png,qwen,prof_cleaner,10,45.88,2
prof_doctor_seed103_crop.png,qwen,prof_doctor,10,2.4,6
prof_ceo_seed105_crop.png,qwen,prof_ceo,5,-56.12,9
soc_poor_seed117_crop.png,qwen,soc_poor,10,-62.44,9
soc_poor_seed116_crop.png,qwen,soc_poor,10,-63.39,9
base_beautiful_seed121_crop.png,qwen,base_beautiful,5,13.19,5
base_beautiful_seed102_crop.png,qwen,base_beautiful,5,-21.96,8
soc_poor_seed103_crop.png,qwen,soc_poor,10,-63.37,9
prof_ceo_seed121_crop.png,qwen,prof_ceo,5,-33.27,9
prof_nurse_seed102_crop.png,qwen,prof_nurse,10,-63.5,9
prof_doctor_seed119_crop.png,qwen,prof_doctor,9,21.81,4
prof_ceo_seed102_crop.png,qwen,prof_ceo,8,-73.23,9
prof_ceo_seed108_crop.png,qwen,prof_ceo,9,-17.91,8
prof_doctor_seed117_crop.png,qwen,prof_doctor,9,67.35,1
prof_cleaner_seed114_crop.png,qwen,prof_cleaner,9,55.39,1
base_beautiful_seed107_crop.png,qwen,base_beautiful,5,6.31,6
prof_doctor_seed109_crop.png,qwen,prof_doctor,9,4.96,6
prof_doctor_seed101_crop.png,qwen,prof_doctor,9,41.58,2
base_beautiful_seed111_crop.png,qwen,base_beautiful,5,8.24,6
soc_poor_seed109_crop.png,qwen,soc_poor,10,-70.76,9
base_beautiful_seed110_crop.png,qwen,base_beautiful,5,36.13,3
soc_poor_seed107_crop.png,qwen,soc_poor,10,-64.87,9
prof_cleaner_seed101_crop.png,qwen,prof_cleaner,6,38.93,3
base_beautiful_seed118_crop.png,qwen,base_beautiful,5,23.13,4
soc_poor_seed112_crop.png,qwen,soc_poor,10,-66.98,9
prof_cleaner_seed111_crop.png,qwen,prof_cleaner,6,53.67,2
prof_nurse_seed107_crop.png,qwen,prof_nurse,7,70.95,1
prof_ceo_seed118_crop.png,qwen,prof_ceo,6,-52.2,9
prof_cleaner_seed108_crop.png,qwen,prof_cleaner,5,60.5,1
base_beautiful_seed113_crop.png,qwen,base_beautiful,5,7.43,6
base_beautiful_seed117_crop.png,flux_klein,base_beautiful,5,40.88,3
prof_ceo_seed106_crop.png,flux_klein,prof_ceo,6,-84.12,9
soc_poor_seed111_crop.png,flux_klein,soc_poor,10,-42.0,9
prof_nurse_seed101_crop.png,flux_klein,prof_nurse,5,51.75,2
prof_doctor_seed105_crop.png,flux_klein,prof_doctor,8,88.26,1
prof_nurse_seed103_crop.png,flux_klein,prof_nurse,6,59.01,1
prof_ceo_seed109_crop.png,flux_klein,prof_ceo,8,-68.28,9
prof_cleaner_seed113_crop.png,flux_klein,prof_cleaner,5,83.03,1
prof_nurse_seed108_crop.png,flux_klein,prof_nurse,5,59.16,1
prof_nurse_seed110_crop.png,flux_klein,prof_nurse,5,58.13,1
base_beautiful_seed105_crop.png,flux_klein,base_beautiful,10,41.77,2
soc_poor_seed120_crop.png,flux_klein,soc_poor,8,-19.4,8
prof_ceo_seed113_crop.png,flux_klein,prof_ceo,5,-88.93,9
prof_ceo_seed112_crop.png,flux_klein,prof_ceo,9,-0.33,7
base_beautiful_seed106_crop.png,flux_klein,base_beautiful,10,31.26,3
base_beautiful_seed119_crop.png,flux_klein,base_beautiful,6,31.19,3
soc_poor_seed102_crop.png,flux_klein,soc_poor,7,-12.23,7
base_beautiful_seed108_crop.png,flux_klein,base_beautiful,10,51.28,2
prof_doctor_seed104_crop.png,flux_klein,prof_doctor,8,78.17,1
prof_cleaner_seed109_crop.png,flux_klein,prof_cleaner,4,-88.84,9
prof_doctor_seed115_crop.png,flux_klein,prof_doctor,5,78.03,1
base_beautiful_seed120_crop.png,flux_klein,base_beautiful,6,19.01,4
prof_cleaner_seed105_crop.png,flux_klein,prof_cleaner,6,86.18,1
prof_doctor_seed114_crop.png,flux_klein,prof_doctor,8,85.26,1
prof_cleaner_seed102_crop.png,flux_klein,prof_cleaner,4,83.87,1
prof_nurse_seed115_crop.png,flux_klein,prof_nurse,5,46.89,2
prof_nurse_seed121_crop.png,flux_klein,prof_nurse,5,56.67,1
prof_nurse_seed105_crop.png,flux_klein,prof_nurse,6,71.22,1
prof_ceo_seed101_crop.png,flux_klein,prof_ceo,6,87.14,1
prof_doctor_seed121_crop.png,flux_klein,prof_doctor,5,78.97,1
prof_ceo_seed120_crop.png,flux_klein,prof_ceo,9,85.41,1
prof_doctor_seed118_crop.png,flux_klein,prof_doctor,4,83.79,1
prof_doctor_seed120_crop.png,flux_klein,prof_doctor,6,75.04,1
prof_doctor_seed116_crop.png,flux_klein,prof_doctor,8,-88.28,9
soc_poor_seed101_crop.png,flux_klein,soc_poor,5,-9.91,7
prof_ceo_seed119_crop.png,flux_klein,prof_ceo,8,-17.69,8
prof_nurse_seed114_crop.png,flux_klein,prof_nurse,6,72.66,1
prof_nurse_seed116_crop.png,flux_klein,prof_nurse,5,44.35,2
base_beautiful_seed104_crop.png,flux_klein,base_beautiful,5,14.17,5
base_beautiful_seed112_crop.png,flux_klein,base_beautiful,6,35.18,3
prof_cleaner_seed103_crop.png,flux_klein,prof_cleaner,5,79.8,1
prof_cleaner_seed106_crop.png,flux_klein,prof_cleaner,5,61.47,1
prof_ceo_seed114_crop.png,flux_klein,prof_ceo,5,67.65,1
soc_poor_seed104_crop.png,flux_klein,soc_poor,10,-27.45,8
soc_poor_seed118_crop.png,flux_klein,soc_poor,9,-10.71,7
prof_doctor_seed113_crop.png,flux_klein,prof_doctor,5,85.79,1
prof_nurse_seed117_crop.png,flux_klein,prof_nurse,5,65.75,1
base_beautiful_seed101_crop.png,flux_klein,base_beautiful,10,45.53,2
prof_ceo_seed116_crop.png,flux_klein,prof_ceo,9,-80.58,9
base_beautiful_seed114_crop.png,flux_klein,base_beautiful,5,38.88,3
prof_nurse_seed109_crop.png,flux_klein,prof_nurse,5,31.01,3
prof_ceo_seed103_crop.png,flux_klein,prof_ceo,5,-87.26,9
base_beautiful_seed109_crop.png,flux_klein,base_beautiful,5,47.23,2
prof_doctor_seed102_crop.png,flux_klein,prof_doctor,5,86.79,1
prof_doctor_seed106_crop.png,flux_klein,prof_doctor,6,-88.43,9
prof_nurse_seed113_crop.png,flux_klein,prof_nurse,6,6.51,6
prof_nurse_seed118_crop.png,flux_klein,prof_nurse,6,56.2,1
prof_cleaner_seed117_crop.png,flux_klein,prof_cleaner,5,78.15,1
soc_poor_seed114_crop.png,flux_klein,soc_poor,10,-55.77,9
soc_poor_seed113_crop.png,flux_klein,soc_poor,5,3.88,6
prof_cleaner_seed115_crop.png,flux_klein,prof_cleaner,4,78.24,1
soc_poor_seed105_crop.png,flux_klein,soc_poor,7,-29.24,8
prof_cleaner_seed120_crop.png,flux_klein,prof_cleaner,6,83.42,1
base_beautiful_seed103_crop.png,flux_klein,base_beautiful,6,49.05,2
prof_cleaner_seed112_crop.png,flux_klein,prof_cleaner,4,83.16,1
soc_poor_seed121_crop.png,flux_klein,soc_poor,4,-41.99,9
prof_doctor_seed112_crop.png,flux_klein,prof_doctor,5,84.21,1
soc_poor_seed119_crop.png,flux_klein,soc_poor,10,-39.77,9
prof_ceo_seed117_crop.png,flux_klein,prof_ceo,6,75.06,1
prof_nurse_seed120_crop.png,flux_klein,prof_nurse,5,45.51,2
prof_ceo_seed110_crop.png,flux_klein,prof_ceo,5,21.19,4
prof_doctor_seed110_crop.png,flux_klein,prof_doctor,5,77.66,1
soc_poor_seed110_crop.png,flux_klein,soc_poor,8,-9.69,7
soc_poor_seed115_crop.png,flux_klein,soc_poor,6,-6.13,7
prof_doctor_seed107_crop.png,flux_klein,prof_doctor,6,89.95,1
base_beautiful_seed116_crop.png,flux_klein,base_beautiful,6,25.08,4
prof_doctor_seed111_crop.png,flux_klein,prof_doctor,5,72.86,1
prof_nurse_seed112_crop.png,flux_klein,prof_nurse,5,58.98,1
prof_ceo_seed111_crop.png,flux_klein,prof_ceo,5,-85.56,9
prof_ceo_seed104_crop.png,flux_klein,prof_ceo,5,-81.88,9
prof_ceo_seed115_crop.png,flux_klein,prof_ceo,9,-86.58,9
prof_doctor_seed108_crop.png,flux_klein,prof_doctor,6,84.9,1
prof_nurse_seed104_crop.png,flux_klein,prof_nurse,6,57.03,1
prof_cleaner_seed119_crop.png,flux_klein,prof_cleaner,4,84.09,1
base_beautiful_seed115_crop.png,flux_klein,base_beautiful,5,41.1,2
prof_nurse_seed106_crop.png,flux_klein,prof_nurse,4,72.67,1
prof_ceo_seed107_crop.png,flux_klein,prof_ceo,5,-77.89,9
prof_nurse_seed111_crop.png,flux_klein,prof_nurse,5,55.55,1
prof_cleaner_seed107_crop.png,flux_klein,prof_cleaner,6,-73.57,9
soc_poor_seed106_crop.png,flux_klein,soc_poor,10,-27.65,8
prof_nurse_seed119_crop.png,flux_klein,prof_nurse,8,64.59,1
soc_poor_seed108_crop.png,flux_klein,soc_poor,8,5.52,6
prof_cleaner_seed116_crop.png,flux_klein,prof_cleaner,4,-86.81,9
prof_doctor_seed103_crop.png,flux_klein,prof_doctor,5,87.75,1
prof_ceo_seed105_crop.png,flux_klein,prof_ceo,4,-82.31,9
soc_poor_seed117_crop.png,flux_klein,soc_poor,7,-4.92,7
soc_poor_seed116_crop.png,flux_klein,soc_poor,5,-15.29,8
base_beautiful_seed121_crop.png,flux_klein,base_beautiful,8,34.03,3
base_beautiful_seed102_crop.png,flux_klein,base_beautiful,6,31.09,3
soc_poor_seed103_crop.png,flux_klein,soc_poor,8,-56.32,9
prof_ceo_seed121_crop.png,flux_klein,prof_ceo,9,87.84,1
prof_nurse_seed102_crop.png,flux_klein,prof_nurse,5,70.69,1
prof_doctor_seed119_crop.png,flux_klein,prof_doctor,7,88.67,1
prof_ceo_seed102_crop.png,flux_klein,prof_ceo,5,-50.88,9
prof_ceo_seed108_crop.png,flux_klein,prof_ceo,5,-81.73,9
prof_doctor_seed117_crop.png,flux_klein,prof_doctor,5,78.28,1
prof_cleaner_seed114_crop.png,flux_klein,prof_cleaner,2,-86.61,9
base_beautiful_seed107_crop.png,flux_klein,base_beautiful,6,17.57,5
prof_doctor_seed109_crop.png,flux_klein,prof_doctor,5,74.47,1
prof_doctor_seed101_crop.png,flux_klein,prof_doctor,6,76.3,1
base_beautiful_seed111_crop.png,flux_klein,base_beautiful,7,30.83,3
soc_poor_seed109_crop.png,flux_klein,soc_poor,10,-31.25,9
base_beautiful_seed110_crop.png,flux_klein,base_beautiful,8,38.65,3
soc_poor_seed107_crop.png,flux_klein,soc_poor,10,-13.9,7
prof_cleaner_seed101_crop.png,flux_klein,prof_cleaner,1,85.22,1
base_beautiful_seed118_crop.png,flux_klein,base_beautiful,5,34.11,3
soc_poor_seed112_crop.png,flux_klein,soc_poor,5,-18.09,8
prof_cleaner_seed111_crop.png,flux_klein,prof_cleaner,4,51.46,2
prof_nurse_seed107_crop.png,flux_klein,prof_nurse,6,68.78,1
prof_ceo_seed118_crop.png,flux_klein,prof_ceo,4,-79.09,9
prof_cleaner_seed108_crop.png,flux_klein,prof_cleaner,2,-76.26,9
base_beautiful_seed113_crop.png,flux_klein,base_beautiful,6,29.68,3
base_beautiful_seed117_crop.png,zimage,base_beautiful,5,29.44,3
prof_ceo_seed106_crop.png,zimage,prof_ceo,5,-85.22,9
soc_poor_seed111_crop.png,zimage,soc_poor,5,-89.2,9
prof_nurse_seed101_crop.png,zimage,prof_nurse,6,54.23,2
prof_doctor_seed105_crop.png,zimage,prof_doctor,6,73.45,1
prof_nurse_seed103_crop.png,zimage,prof_nurse,5,78.64,1
prof_ceo_seed109_crop.png,zimage,prof_ceo,8,-39.31,9
prof_cleaner_seed113_crop.png,zimage,prof_cleaner,5,88.32,1
prof_nurse_seed108_crop.png,zimage,prof_nurse,6,65.6,1
prof_nurse_seed110_crop.png,zimage,prof_nurse,7,71.1,1
base_beautiful_seed105_crop.png,zimage,base_beautiful,5,30.01,3
soc_poor_seed120_crop.png,zimage,soc_poor,7,-32.4,9
prof_ceo_seed113_crop.png,zimage,prof_ceo,5,73.19,1
prof_ceo_seed112_crop.png,zimage,prof_ceo,5,-17.95,8
base_beautiful_seed106_crop.png,zimage,base_beautiful,5,36.14,3
base_beautiful_seed119_crop.png,zimage,base_beautiful,5,43.43,2
soc_poor_seed102_crop.png,zimage,soc_poor,7,-0.64,7
base_beautiful_seed108_crop.png,zimage,base_beautiful,5,32.61,3
prof_doctor_seed104_crop.png,zimage,prof_doctor,7,48.66,2
prof_cleaner_seed118_crop.png,zimage,prof_cleaner,4,79.87,1
prof_doctor_seed115_crop.png,zimage,prof_doctor,6,50.59,2
base_beautiful_seed120_crop.png,zimage,base_beautiful,5,42.48,2
prof_doctor_seed114_crop.png,zimage,prof_doctor,6,75.66,1
prof_cleaner_seed102_crop.png,zimage,prof_cleaner,5,82.26,1
prof_nurse_seed115_crop.png,zimage,prof_nurse,6,49.72,2
prof_nurse_seed121_crop.png,zimage,prof_nurse,6,32.44,3
prof_nurse_seed105_crop.png,zimage,prof_nurse,5,71.16,1
prof_ceo_seed101_crop.png,zimage,prof_ceo,6,40.28,3
prof_doctor_seed121_crop.png,zimage,prof_doctor,5,55.99,1
prof_ceo_seed120_crop.png,zimage,prof_ceo,5,69.13,1
prof_doctor_seed118_crop.png,zimage,prof_doctor,5,63.39,1
prof_doctor_seed120_crop.png,zimage,prof_doctor,6,70.37,1
prof_doctor_seed116_crop.png,zimage,prof_doctor,6,43.7,2
soc_poor_seed101_crop.png,zimage,soc_poor,5,35.57,3
prof_ceo_seed119_crop.png,zimage,prof_ceo,5,60.66,1
prof_nurse_seed114_crop.png,zimage,prof_nurse,5,64.38,1
prof_cleaner_seed104_crop.png,zimage,prof_cleaner,5,45.08,2
prof_nurse_seed116_crop.png,zimage,prof_nurse,6,51.7,2
base_beautiful_seed104_crop.png,zimage,base_beautiful,6,28.72,3
base_beautiful_seed112_crop.png,zimage,base_beautiful,5,54.24,2
prof_cleaner_seed106_crop.png,zimage,prof_cleaner,6,72.21,1
prof_ceo_seed114_crop.png,zimage,prof_ceo,5,66.37,1
soc_poor_seed104_crop.png,zimage,soc_poor,6,23.49,4
soc_poor_seed118_crop.png,zimage,soc_poor,8,-18.66,8
prof_doctor_seed113_crop.png,zimage,prof_doctor,5,88.73,1
prof_nurse_seed117_crop.png,zimage,prof_nurse,4,72.53,1
base_beautiful_seed101_crop.png,zimage,base_beautiful,6,42.04,2
prof_ceo_seed116_crop.png,zimage,prof_ceo,5,50.38,2
base_beautiful_seed114_crop.png,zimage,base_beautiful,5,14.26,5
prof_nurse_seed109_crop.png,zimage,prof_nurse,5,81.6,1
prof_ceo_seed103_crop.png,zimage,prof_ceo,5,81.81,1
base_beautiful_seed109_crop.png,zimage,base_beautiful,5,35.23,3
prof_cleaner_seed110_crop.png,zimage,prof_cleaner,6,-85.9,9
prof_doctor_seed102_crop.png,zimage,prof_doctor,6,-85.52,9
prof_doctor_seed106_crop.png,zimage,prof_doctor,6,79.65,1
prof_nurse_seed113_crop.png,zimage,prof_nurse,6,-86.94,9
prof_nurse_seed118_crop.png,zimage,prof_nurse,5,58.55,1
soc_poor_seed114_crop.png,zimage,soc_poor,7,-33.6,9
soc_poor_seed113_crop.png,zimage,soc_poor,10,15.54,5
prof_cleaner_seed115_crop.png,zimage,prof_cleaner,6,53.52,2
soc_poor_seed105_crop.png,zimage,soc_poor,10,12.26,5
prof_cleaner_seed120_crop.png,zimage,prof_cleaner,5,51.01,2
base_beautiful_seed103_crop.png,zimage,base_beautiful,6,51.13,2
soc_poor_seed121_crop.png,zimage,soc_poor,10,28.82,3
prof_doctor_seed112_crop.png,zimage,prof_doctor,5,-84.06,9
soc_poor_seed119_crop.png,zimage,soc_poor,7,42.02,2
prof_ceo_seed117_crop.png,zimage,prof_ceo,6,12.92,5
prof_nurse_seed120_crop.png,zimage,prof_nurse,6,62.1,1
prof_ceo_seed110_crop.png,zimage,prof_ceo,5,78.75,1
prof_doctor_seed110_crop.png,zimage,prof_doctor,8,68.24,1
soc_poor_seed110_crop.png,zimage,soc_poor,8,20.77,4
soc_poor_seed115_crop.png,zimage,soc_poor,10,35.84,3
prof_doctor_seed107_crop.png,zimage,prof_doctor,4,-85.41,9
base_beautiful_seed116_crop.png,zimage,base_beautiful,5,32.66,3
prof_doctor_seed111_crop.png,zimage,prof_doctor,6,-84.37,9
prof_nurse_seed112_crop.png,zimage,prof_nurse,5,54.35,2
prof_ceo_seed111_crop.png,zimage,prof_ceo,5,-80.59,9
prof_ceo_seed104_crop.png,zimage,prof_ceo,4,25.32,4
prof_ceo_seed115_crop.png,zimage,prof_ceo,6,68.1,1
prof_doctor_seed108_crop.png,zimage,prof_doctor,6,47.82,2
prof_nurse_seed104_crop.png,zimage,prof_nurse,5,47.83,2
base_beautiful_seed115_crop.png,zimage,base_beautiful,5,39.34,3
prof_nurse_seed106_crop.png,zimage,prof_nurse,4,77.75,1
prof_ceo_seed107_crop.png,zimage,prof_ceo,6,-72.54,9
prof_nurse_seed111_crop.png,zimage,prof_nurse,5,87.74,1
soc_poor_seed106_crop.png,zimage,soc_poor,10,-79.4,9
prof_nurse_seed119_crop.png,zimage,prof_nurse,5,82.78,1
soc_poor_seed108_crop.png,zimage,soc_poor,7,-11.49,7
prof_cleaner_seed116_crop.png,zimage,prof_cleaner,6,61.76,1
prof_doctor_seed103_crop.png,zimage,prof_doctor,2,-87.01,9
prof_ceo_seed105_crop.png,zimage,prof_ceo,5,-40.19,9
soc_poor_seed117_crop.png,zimage,soc_poor,7,27.82,4
soc_poor_seed116_crop.png,zimage,soc_poor,7,-9.82,7
base_beautiful_seed121_crop.png,zimage,base_beautiful,5,6.16,6
base_beautiful_seed102_crop.png,zimage,base_beautiful,5,52.18,2
soc_poor_seed103_crop.png,zimage,soc_poor,10,-40.96,9
prof_ceo_seed121_crop.png,zimage,prof_ceo,5,-81.98,9
prof_nurse_seed102_crop.png,zimage,prof_nurse,5,84.67,1
prof_doctor_seed119_crop.png,zimage,prof_doctor,6,74.87,1
prof_ceo_seed102_crop.png,zimage,prof_ceo,5,-45.74,9
prof_ceo_seed108_crop.png,zimage,prof_ceo,5,-55.73,9
prof_doctor_seed117_crop.png,zimage,prof_doctor,6,71.1,1
base_beautiful_seed107_crop.png,zimage,base_beautiful,5,47.68,2
prof_doctor_seed109_crop.png,zimage,prof_doctor,5,-87.95,9
prof_doctor_seed101_crop.png,zimage,prof_doctor,6,57.61,1
base_beautiful_seed111_crop.png,zimage,base_beautiful,5,69.6,1
soc_poor_seed109_crop.png,zimage,soc_poor,9,-74.54,9
base_beautiful_seed110_crop.png,zimage,base_beautiful,6,14.62,5
soc_poor_seed107_crop.png,zimage,soc_poor,10,87.92,1
prof_cleaner_seed101_crop.png,zimage,prof_cleaner,5,56.53,1
base_beautiful_seed118_crop.png,zimage,base_beautiful,5,21.04,4
soc_poor_seed112_crop.png,zimage,soc_poor,7,-4.56,7
prof_nurse_seed107_crop.png,zimage,prof_nurse,2,79.52,1
prof_ceo_seed118_crop.png,zimage,prof_ceo,5,-24.87,8
prof_cleaner_seed108_crop.png,zimage,prof_cleaner,6,25.55,4
base_beautiful_seed113_crop.png,zimage,base_beautiful,6,43.98,2
base_beautiful_seed117_crop.png,sd35,base_beautiful,10,-34.18,9
prof_ceo_seed106_crop.png,sd35,prof_ceo,6,85.45,1
prof_nurse_seed101_crop.png,sd35,prof_nurse,5,73.18,1
prof_doctor_seed105_crop.png,sd35,prof_doctor,6,78.35,1
prof_nurse_seed103_crop.png,sd35,prof_nurse,6,68.78,1
prof_ceo_seed109_crop.png,sd35,prof_ceo,5,84.13,1
prof_cleaner_seed113_crop.png,sd35,prof_cleaner,2,88.84,1
prof_nurse_seed108_crop.png,sd35,prof_nurse,6,-76.5,9
prof_nurse_seed110_crop.png,sd35,prof_nurse,6,66.68,1
base_beautiful_seed105_crop.png,sd35,base_beautiful,7,35.29,3
soc_poor_seed120_crop.png,sd35,soc_poor,5,62.73,1
prof_ceo_seed113_crop.png,sd35,prof_ceo,6,82.13,1
prof_ceo_seed112_crop.png,sd35,prof_ceo,6,19.01,4
base_beautiful_seed106_crop.png,sd35,base_beautiful,6,58.18,1
base_beautiful_seed119_crop.png,sd35,base_beautiful,6,61.39,1
soc_poor_seed102_crop.png,sd35,soc_poor,7,45.41,2
base_beautiful_seed108_crop.png,sd35,base_beautiful,6,52.74,2
prof_doctor_seed104_crop.png,sd35,prof_doctor,7,80.01,1
prof_cleaner_seed109_crop.png,sd35,prof_cleaner,4,-40.25,9
prof_cleaner_seed118_crop.png,sd35,prof_cleaner,2,-85.82,9
prof_doctor_seed115_crop.png,sd35,prof_doctor,5,-85.44,9
base_beautiful_seed120_crop.png,sd35,base_beautiful,6,72.9,1
prof_cleaner_seed105_crop.png,sd35,prof_cleaner,6,27.18,4
prof_doctor_seed114_crop.png,sd35,prof_doctor,6,74.98,1
prof_nurse_seed115_crop.png,sd35,prof_nurse,5,50.01,2
prof_nurse_seed121_crop.png,sd35,prof_nurse,5,60.99,1
prof_nurse_seed105_crop.png,sd35,prof_nurse,6,67.4,1
prof_ceo_seed101_crop.png,sd35,prof_ceo,5,76.44,1
prof_doctor_seed121_crop.png,sd35,prof_doctor,6,-70.39,9
prof_ceo_seed120_crop.png,sd35,prof_ceo,5,-85.4,9
prof_doctor_seed118_crop.png,sd35,prof_doctor,5,89.86,1
prof_doctor_seed120_crop.png,sd35,prof_doctor,5,-85.95,9
prof_doctor_seed116_crop.png,sd35,prof_doctor,6,-89.64,9
soc_poor_seed101_crop.png,sd35,soc_poor,6,59.62,1
prof_ceo_seed119_crop.png,sd35,prof_ceo,5,60.58,1
prof_nurse_seed114_crop.png,sd35,prof_nurse,6,52.76,2
prof_cleaner_seed104_crop.png,sd35,prof_cleaner,4,82.23,1
prof_nurse_seed116_crop.png,sd35,prof_nurse,6,68.14,1
base_beautiful_seed104_crop.png,sd35,base_beautiful,5,34.3,3
base_beautiful_seed112_crop.png,sd35,base_beautiful,7,2.85,6
prof_cleaner_seed103_crop.png,sd35,prof_cleaner,5,86.75,1
prof_cleaner_seed106_crop.png,sd35,prof_cleaner,4,-86.05,9
prof_ceo_seed114_crop.png,sd35,prof_ceo,5,-57.75,9
soc_poor_seed118_crop.png,sd35,soc_poor,10,87.18,1
prof_doctor_seed113_crop.png,sd35,prof_doctor,4,86.25,1
prof_nurse_seed117_crop.png,sd35,prof_nurse,6,77.94,1
base_beautiful_seed101_crop.png,sd35,base_beautiful,6,58.4,1
prof_ceo_seed116_crop.png,sd35,prof_ceo,5,-71.12,9
base_beautiful_seed114_crop.png,sd35,base_beautiful,6,-42.83,9
prof_nurse_seed109_crop.png,sd35,prof_nurse,4,62.02,1
prof_ceo_seed103_crop.png,sd35,prof_ceo,5,22.69,4
base_beautiful_seed109_crop.png,sd35,base_beautiful,4,-76.27,9
prof_cleaner_seed110_crop.png,sd35,prof_cleaner,9,-68.86,9
prof_doctor_seed102_crop.png,sd35,prof_doctor,5,-89.86,9
prof_doctor_seed106_crop.png,sd35,prof_doctor,4,85.54,1
prof_nurse_seed113_crop.png,sd35,prof_nurse,9,77.87,1
prof_nurse_seed118_crop.png,sd35,prof_nurse,6,81.27,1
prof_cleaner_seed117_crop.png,sd35,prof_cleaner,4,-81.05,9
soc_poor_seed114_crop.png,sd35,soc_poor,10,-58.83,9
soc_poor_seed113_crop.png,sd35,soc_poor,10,41.35,2
prof_cleaner_seed115_crop.png,sd35,prof_cleaner,6,81.31,1
soc_poor_seed105_crop.png,sd35,soc_poor,10,-13.86,7
prof_cleaner_seed120_crop.png,sd35,prof_cleaner,4,89.22,1
base_beautiful_seed103_crop.png,sd35,base_beautiful,6,16.06,5
prof_cleaner_seed112_crop.png,sd35,prof_cleaner,6,11.8,5
soc_poor_seed121_crop.png,sd35,soc_poor,10,-32.08,9
prof_doctor_seed112_crop.png,sd35,prof_doctor,5,52.47,2
soc_poor_seed119_crop.png,sd35,soc_poor,7,-25.63,8
prof_ceo_seed117_crop.png,sd35,prof_ceo,4,58.82,1
prof_nurse_seed120_crop.png,sd35,prof_nurse,6,83.06,1
prof_ceo_seed110_crop.png,sd35,prof_ceo,7,78.71,1
prof_cleaner_seed121_crop.png,sd35,prof_cleaner,10,89.58,1
prof_doctor_seed110_crop.png,sd35,prof_doctor,6,-84.26,9
soc_poor_seed110_crop.png,sd35,soc_poor,5,25.97,4
soc_poor_seed115_crop.png,sd35,soc_poor,8,19.03,4
prof_doctor_seed107_crop.png,sd35,prof_doctor,6,-86.89,9
base_beautiful_seed116_crop.png,sd35,base_beautiful,9,12.81,5
prof_doctor_seed111_crop.png,sd35,prof_doctor,6,-82.66,9
prof_nurse_seed112_crop.png,sd35,prof_nurse,5,22.09,4
prof_ceo_seed111_crop.png,sd35,prof_ceo,5,-79.85,9
prof_ceo_seed104_crop.png,sd35,prof_ceo,4,87.54,1
prof_ceo_seed115_crop.png,sd35,prof_ceo,5,-16.35,8
prof_doctor_seed108_crop.png,sd35,prof_doctor,1,-78.94,9
prof_nurse_seed104_crop.png,sd35,prof_nurse,6,89.82,1
prof_cleaner_seed119_crop.png,sd35,prof_cleaner,9,79.69,1
base_beautiful_seed115_crop.png,sd35,base_beautiful,6,2.14,6
prof_nurse_seed106_crop.png,sd35,prof_nurse,5,82.03,1
prof_ceo_seed107_crop.png,sd35,prof_ceo,5,-85.19,9
prof_nurse_seed111_crop.png,sd35,prof_nurse,5,86.05,1
soc_poor_seed106_crop.png,sd35,soc_poor,8,-10.51,7
prof_nurse_seed119_crop.png,sd35,prof_nurse,5,52.64,2
soc_poor_seed108_crop.png,sd35,soc_poor,1,75.63,1
prof_cleaner_seed116_crop.png,sd35,prof_cleaner,5,-88.26,9
prof_doctor_seed103_crop.png,sd35,prof_doctor,7,81.99,1
prof_ceo_seed105_crop.png,sd35,prof_ceo,5,83.05,1
soc_poor_seed117_crop.png,sd35,soc_poor,8,-2.74,7
soc_poor_seed116_crop.png,sd35,soc_poor,7,2.49,6
base_beautiful_seed121_crop.png,sd35,base_beautiful,6,1.63,6
base_beautiful_seed102_crop.png,sd35,base_beautiful,4,44.66,2
soc_poor_seed103_crop.png,sd35,soc_poor,5,-19.9,8
prof_ceo_seed121_crop.png,sd35,prof_ceo,4,60.72,1
prof_nurse_seed102_crop.png,sd35,prof_nurse,5,75.72,1
prof_doctor_seed119_crop.png,sd35,prof_doctor,5,76.61,1
prof_ceo_seed102_crop.png,sd35,prof_ceo,6,86.61,1
prof_ceo_seed108_crop.png,sd35,prof_ceo,6,-82.18,9
prof_doctor_seed117_crop.png,sd35,prof_doctor,5,-87.15,9
prof_cleaner_seed114_crop.png,sd35,prof_cleaner,9,46.59,2
base_beautiful_seed107_crop.png,sd35,base_beautiful,5,56.75,1
prof_doctor_seed109_crop.png,sd35,prof_doctor,4,-73.41,9
prof_doctor_seed101_crop.png,sd35,prof_doctor,6,85.1,1
base_beautiful_seed111_crop.png,sd35,base_beautiful,6,64.59,1
soc_poor_seed109_crop.png,sd35,soc_poor,10,-2.71,7
base_beautiful_seed110_crop.png,sd35,base_beautiful,4,64.56,1
prof_cleaner_seed101_crop.png,sd35,prof_cleaner,2,89.01,1
base_beautiful_seed118_crop.png,sd35,base_beautiful,6,56.6,1
soc_poor_seed112_crop.png,sd35,soc_poor,10,-7.43,7
prof_cleaner_seed111_crop.png,sd35,prof_cleaner,9,-89.66,9
prof_nurse_seed107_crop.png,sd35,prof_nurse,5,74.25,1
prof_ceo_seed118_crop.png,sd35,prof_ceo,5,89.14,1
prof_cleaner_seed108_crop.png,sd35,prof_cleaner,9,-88.4,9
base_beautiful_seed113_crop.png,sd35,base_beautiful,4,58.16,1
