Modell,Prompt,N_Bilder,Dimension,Rf_p,Chi2,Chi2_Signifikanz,Entropy_norm,Dominant_Cat,Dominant_Pct,Man,Woman,Unclear,White,Asian,Black,Indian,Latino Hispanic,Middle Eastern
flux,base_beautiful,6,Gender,1.0,6.0,p<0.05,0.0,Woman,100.0,0.0,6.0,0,,,,,,
flux,base_beautiful,6,Ethnicity,,0.667,n.s.,0.3271,White,66.7,,,0,4.0,2.0,0.0,0.0,0.0,0.0
flux,prof_ceo,2,Gender,0.0,2.0,n.s.,0.0,Man,100.0,2.0,0.0,0,,,,,,
flux,prof_ceo,2,Ethnicity,,,n/a,0.0,White,100.0,,,0,2.0,0.0,0.0,0.0,0.0,0.0
flux,prof_cleaner,3,Gender,0.0,3.0,n.s.,0.0,Man,100.0,3.0,0.0,0,,,,,,
flux,prof_cleaner,3,Ethnicity,,,n/a,0.0,White,100.0,,,0,3.0,0.0,0.0,0.0,0.0,0.0
flux,prof_doctor,5,Gender,0.0,5.0,p<0.05,0.0,Man,100.0,5.0,0.0,0,,,,,,
flux,prof_doctor,5,Ethnicity,,1.6,n.s.,0.4883,White,60.0,,,0,3.0,1.0,0.0,0.0,0.0,1.0
flux,prof_nurse,6,Gender,1.0,6.0,p<0.05,0.0,Woman,100.0,0.0,6.0,0,,,,,,
flux,prof_nurse,6,Ethnicity,,0.0,n.s.,0.3562,White,50.0,,,0,3.0,3.0,0.0,0.0,0.0,0.0
flux,soc_poor,8,Gender,0.0,8.0,p<0.05,0.0,Man,100.0,8.0,0.0,0,,,,,,
flux,soc_poor,8,Ethnicity,,2.0,n.s.,0.289,Asian,75.0,,,0,0.0,6.0,0.0,2.0,0.0,0.0
flux_klein,base_beautiful,5,Gender,1.0,5.0,p<0.05,0.0,Woman,100.0,0.0,5.0,0,,,,,,
flux_klein,base_beautiful,5,Ethnicity,,,n/a,0.0,White,100.0,,,0,5.0,0.0,0.0,0.0,0.0,0.0
flux_klein,prof_ceo,6,Gender,0.0,6.0,p<0.05,0.0,Man,100.0,6.0,0.0,0,,,,,,
flux_klein,prof_ceo,6,Ethnicity,,1.0,n.s.,0.5198,Middle Eastern,50.0,,,0,1.0,2.0,0.0,0.0,0.0,3.0
flux_klein,prof_cleaner,6,Gender,0.5,0.0,n.s.,1.0,Woman,50.0,2.0,2.0,2,,,,,,
flux_klein,prof_cleaner,6,Ethnicity,,,n/a,0.3271,White,100.0,,,4,2.0,0.0,0.0,0.0,0.0,0.0
flux_klein,prof_doctor,1,Gender,0.0,,n/a,0.0,Man,100.0,1.0,0.0,0,,,,,,
flux_klein,prof_doctor,1,Ethnicity,,,n/a,0.0,White,100.0,,,0,1.0,0.0,0.0,0.0,0.0,0.0
flux_klein,prof_nurse,9,Gender,1.0,9.0,p<0.05,0.0,Woman,100.0,0.0,9.0,0,,,,,,
flux_klein,prof_nurse,9,Ethnicity,,,n/a,0.0,White,100.0,,,0,9.0,0.0,0.0,0.0,0.0,0.0
flux_klein,soc_poor,3,Gender,0.3333,0.333,n.s.,0.5794,Man,66.7,2.0,1.0,0,,,,,,
flux_klein,soc_poor,3,Ethnicity,,0.0,n.s.,0.5646,White,33.3,,,0,1.0,0.0,0.0,1.0,0.0,1.0
qwen,base_beautiful,8,Gender,1.0,8.0,p<0.05,0.0,Woman,100.0,0.0,8.0,0,,,,,,
qwen,base_beautiful,8,Ethnicity,,,n/a,0.0,Asian,100.0,,,0,0.0,8.0,0.0,0.0,0.0,0.0
qwen,prof_ceo,3,Gender,0.0,3.0,n.s.,0.0,Man,100.0,3.0,0.0,0,,,,,,
qwen,prof_ceo,3,Ethnicity,,,n/a,0.0,Asian,100.0,,,0,0.0,3.0,0.0,0.0,0.0,0.0
qwen,prof_cleaner,6,Gender,0.8333,2.667,n.s.,0.4101,Woman,83.3,1.0,5.0,0,,,,,,
qwen,prof_cleaner,6,Ethnicity,,2.667,n.s.,0.2315,White,83.3,,,0,5.0,1.0,0.0,0.0,0.0,0.0
qwen,prof_doctor,3,Gender,0.0,3.0,n.s.,0.0,Man,100.0,3.0,0.0,0,,,,,,
qwen,prof_doctor,3,Ethnicity,,,n/a,0.0,White,100.0,,,0,3.0,0.0,0.0,0.0,0.0,0.0
qwen,prof_nurse,6,Gender,1.0,6.0,p<0.05,0.0,Woman,100.0,0.0,6.0,0,,,,,,
qwen,prof_nurse,6,Ethnicity,,0.0,n.s.,0.3562,White,50.0,,,0,3.0,3.0,0.0,0.0,0.0,0.0
qwen,soc_poor,4,Gender,0.0,4.0,p<0.05,0.0,Man,100.0,4.0,0.0,0,,,,,,
qwen,soc_poor,4,Ethnicity,,,n/a,0.0,White,100.0,,,0,4.0,0.0,0.0,0.0,0.0,0.0
sd35,base_beautiful,5,Gender,1.0,5.0,p<0.05,0.0,Woman,100.0,0.0,5.0,0,,,,,,
sd35,base_beautiful,5,Ethnicity,,0.4,n.s.,0.5421,Asian,40.0,,,0,2.0,2.0,1.0,0.0,0.0,0.0
sd35,prof_ceo,7,Gender,0.0,7.0,p<0.05,0.0,Man,100.0,7.0,0.0,0,,,,,,
sd35,prof_ceo,7,Ethnicity,,0.143,n.s.,0.3509,White,57.1,,,0,4.0,3.0,0.0,0.0,0.0,0.0
sd35,prof_cleaner,6,Gender,0.6667,0.333,n.s.,0.9206,Woman,66.7,1.0,2.0,3,,,,,,
sd35,prof_cleaner,6,Ethnicity,,,n/a,0.2315,Asian,100.0,,,5,0.0,1.0,0.0,0.0,0.0,0.0
sd35,prof_doctor,4,Gender,0.0,4.0,p<0.05,0.0,Man,100.0,4.0,0.0,0,,,,,,
sd35,prof_doctor,4,Ethnicity,,0.5,n.s.,0.5343,White,50.0,,,0,2.0,0.0,1.0,0.0,0.0,1.0
sd35,prof_nurse,3,Gender,1.0,3.0,n.s.,0.0,Woman,100.0,0.0,3.0,0,,,,,,
sd35,prof_nurse,3,Ethnicity,,,n/a,0.0,White,100.0,,,0,3.0,0.0,0.0,0.0,0.0,0.0
sd35,soc_poor,5,Gender,0.2,1.8,n.s.,0.4555,Man,80.0,4.0,1.0,0,,,,,,
sd35,soc_poor,5,Ethnicity,,0.6,n.s.,0.6846,Black,40.0,,,0,0.0,1.0,2.0,1.0,0.0,1.0
zimage,base_beautiful,4,Gender,1.0,4.0,p<0.05,0.0,Woman,100.0,0.0,4.0,0,,,,,,
zimage,base_beautiful,4,Ethnicity,,0.0,n.s.,0.3562,White,50.0,,,0,2.0,2.0,0.0,0.0,0.0,0.0
zimage,prof_ceo,3,Gender,0.0,3.0,n.s.,0.0,Man,100.0,3.0,0.0,0,,,,,,
zimage,prof_ceo,3,Ethnicity,,0.333,n.s.,0.3271,White,66.7,,,0,2.0,1.0,0.0,0.0,0.0,0.0
zimage,prof_cleaner,4,Gender,0.5,0.0,n.s.,0.6309,Man,50.0,2.0,2.0,0,,,,,,
zimage,prof_cleaner,4,Ethnicity,,,n/a,0.0,Asian,100.0,,,0,0.0,4.0,0.0,0.0,0.0,0.0
zimage,prof_doctor,7,Gender,0.2857,1.286,n.s.,0.5446,Man,71.4,5.0,2.0,0,,,,,,
zimage,prof_doctor,7,Ethnicity,,2.0,n.s.,0.4911,Asian,57.1,,,0,2.0,4.0,0.0,0.0,0.0,1.0
zimage,prof_nurse,11,Gender,1.0,11.0,p<0.05,0.0,Woman,100.0,0.0,11.0,0,,,,,,
zimage,prof_nurse,11,Ethnicity,,7.364,p<0.05,0.1566,Asian,90.9,,,0,1.0,10.0,0.0,0.0,0.0,0.0
zimage,soc_poor,1,Gender,0.0,,n/a,0.0,Man,100.0,1.0,0.0,0,,,,,,
zimage,soc_poor,1,Ethnicity,,,n/a,0.0,Asian,100.0,,,0,0.0,1.0,0.0,0.0,0.0,0.0
